,N°,Ministère (Client),Code NAF,SIREN,Direction,Date prévisionnelle d'entrée dans le marché,Fournisseur actuel d'électricité,Identification des sites_NOM DU SITE,Identification des sites_ADRESSE,Identification des sites_CODE POSTAL,Identification des sites_VILLE,Identification des sites_SIRET,Identification des sites_RAE,Identification des sites_TYPE DE TARIF_Tarif - Option - Version (TOV),Identification des sites_TENSION DE RACCORDEMENT_Basse tension (BT) ou HTA1 (20 kV),Puissances-souscrite_P,Puissances-souscrite_HPH,Puissances-souscrite_HCH,Puissances-souscrite_HPE,Puissances-souscrite_HCE,Puissances-souscrite_HH(EJP),Puissances-souscrite_P(EJP),Puissances-max_P,Puissances-max_HPH,Puissances-max_HCH,Puissances-max_HPE,Puissances-max_HCE,Puissances-max_HH(EJP),Puissances-max_P(EJP),CA(kWh)_P,CA(kWh)_HPH,CA(kWh)_HCH,CA(kWh)_HPE,CA(kWh)_HCE,CA(kWh)_HH(EJP),CA(kWh)_P(EJP),CA(kWh)_TOTAL,Electricité verte,Référence de la base de données immobilière du site concerné par le point de livraison_N° chorus Re-FX,Evénements de nature à modifier les prévisions de consommation_Pérennité du site (oui/non),Evénements de nature à modifier les prévisions de consommation_Variabilité (oui/non),Evénements de nature à modifier les prévisions de consommation_Ecart en % en + ou en -(ex : + 10 % ou - 5 %),Evénements de nature à modifier les prévisions de consommation_Date et commentaires
0,1,JUSTICE,84.23Z,110010014,DAP,2015-11-01,EDF,MIN JUS - DAP -BX -  CD MAUZAC,NOUVEL ETABLISSEMENT 24150 MAUZAC ET GRAND CASTANG,24150,MAUZAC ET GRAND CASTANG,17330120100153.0,30001620188613,TARIF VERT A5 - OPTION BASE LU,HTA 5P (2),320,320.0,320.0,320.0,320.0,,,361.0,317.0,185.0,298.0,147.0,,,50292.0,234212.0,172974.0,307140.0,174980.0,,,939598.0,NON,121743/384604,OUI,NON,,
1,2,JUSTICE,84.23Z,110010014,DAP,2015-11-01,EDF,MIN JUS - DAP -BX – CD EYSSES,1 RUE PIERRE DOIZE BP 315 47300 VILLENEUVE SUR LOT,47300,VILLENEUVE SUR LOT,17330120100120.0,30001630205962,TARIF VERT A5 - OPTION BASE LU,HTA SDT (2),320,320.0,320.0,320.0,320.0,,,361.0,373.0,302.0,278.0,200.0,,,78282.0,365128.0,281394.0,373637.0,246388.0,,,1344829.0,NON,102776/169149,OUI,OUI,,Travaux de rénovation en cours
2,3,JUSTICE,84.23Z,110010014,DAP,2015-11-01,EDF,MIN JUS - DAP -BX -  CP BORDEAUX GRADIGNAN ,- BAT A 36 RUE DU BOURDILLAT BP 109 33170 GRADIGNAN,33170,GRADIGNAN,17330120100641.0,30001610319785,TARIF VERT A5 - OPTION BASE LU,HTA SDT (2),280,300.0,300.0,300.0,300.0,,,370.0,330.0,245.0,318.0,211.0,,,62881.0,291629.0,235544.0,359943.0,242211.0,,,1192208.0,NON,115924/188873,OUI,NON,,
3,4,JUSTICE,84.23Z,110010014,DAP,2015-11-01,EDF,MIN JUS - DAP –BX -MC ST MARTIN DE RE,LA CITADELLE 17410 ST MARTIN DE RE,17410,ST MARTIN DE RE,17330120100187.0,30001520465808,TARIF VERT A5 - OPTION BASE MU,HTA 5P (2),450,450.0,450.0,450.0,450.0,,,296.0,287.0,204.0,221.0,156.0,,,58050.0,279577.0,200482.0,303307.0,161546.0,,,1002962.0,NON,128538/184195,OUI,NON,,
4,5,JUSTICE,84.23Z,110010014,DAP,2015-11-01,EDF,MAISON CENTRALE CLAIRVAUX,DE CLAIRVAUX 10310 VILLE SOUS LA FERTE,10310,VILLE SOUS LA FERTE,17210120600164.0,30000450232843,TARIF VERT A5 - OPTION BASE LU,HTA 5P (2),460,460.0,460.0,460.0,460.0,,,258.0,254.0,222.0,195.0,152.0,,,56238.0,258551.0,216245.0,267613.0,194896.0,,,993543.0,NON,,OUI,NON,,
5,6,JUSTICE,84.23Z,110010014,DAP,2015-11-01,EDF,MAISON CENTRALE- ST MAUR,BEL AIR 36250 ST MAUR,36250,ST MAUR,17210120600552.0,30001760158747,TARIF VERT A5 - OPTION BASE LU,HTA SDT (2),550,590.0,590.0,590.0,590.0,,,554.0,560.0,388.0,469.0,284.0,,,102365.0,490027.0,344187.0,635901.0,354422.0,,,1926902.0,NON,,OUI,NON,,
6,7,JUSTICE,84.23Z,110010014,DAP,2015-11-01,EDF,JUSTICE- VAL DE REUIL- MAISON D'ARRET (02994),LES VIGNETTES 27100 VAL DE REUIL,27100,VAL DE REUIL,17590120600250.0,30000220299483,TARIF VERT A5 - OPTION BASE LU,HTA SDT (2),870,870.0,870.0,870.0,870.0,,,876.0,811.0,666.0,793.0,565.0,,,192485.0,949441.0,673777.0,1203930.0,712212.0,,,3731845.0,NON,,OUI,NON,,
7,8,JUSTICE,84.23Z,110010014,DAP,2015-11-01,EDF,MAISON D'ARRET,85 AVENUE DE LA DEFENSE PASSIVE 80080 AMIENS,80080,AMIENS,17590120600169.0,30000160137206,TARIF VERT A5 - OPTION BASE MU,HTA 5P (2),280,280.0,280.0,280.0,280.0,,,267.0,257.0,202.0,249.0,167.0,,,41952.0,219669.0,131359.0,331210.0,163927.0,,,888117.0,NON,,OUI,NON,,
8,9,JUSTICE,84.23Z,110010014,DAP,2015-11-01,EDF,JUSTICE- ROUEN- MAISON D'ARRET (03280),1 RUE DE LA MOTTE 76100 ROUEN,76100,ROUEN,17590120600193.0,30000210328076,TARIF VERT A5 - OPTION BASE LU,HTA SDT (2),400,400.0,400.0,400.0,400.0,,,457.0,449.0,385.0,430.0,369.0,,,90332.0,426622.0,283596.0,592959.0,318281.0,,,1711790.0,NON,,OUI,NON,,
9,10,JUSTICE,84.23Z,110010014,DAP,2015-11-01,EDF,PRISON-M.A. DE GRENOBLE,. 38760 VARCES ALLIERES ET RISSET,38760,VARCES ALLIERES ET RISSET,17690120500144.0,30001930387556,TARIF VERT A5 - OPTION BASE MU,HTA SDT (2),250,250.0,250.0,250.0,250.0,,,242.0,243.0,207.0,201.0,165.0,,,53354.0,253397.0,213134.0,289762.0,202315.0,,,1011962.0,NON,,OUI,NON,,
10,11,JUSTICE,84.23Z,110010014,DAP,2015-11-01,EDF,CD DE RIOM,17 RUE SOUBRANY 63200 RIOM,63200,RIOM,17690120500177.0,30001710344444,TARIF VERT A5 - OPTION BASE LU,HTA SDT (2),260,260.0,260.0,260.0,260.0,,,281.0,276.0,186.0,245.0,150.0,,,50647.0,212707.0,146117.0,298446.0,160296.0,,,868213.0,NON,,OUI,NON,,
11,12,JUSTICE,84.23Z,110010014,DAP,2015-11-01,EDF,MAISON D'ARRET LA TALAUDIERE,RUE DE LA SAUVAGERE 42350 LA TALAUDIERE,42350,LA TALAUDIERE,17690120500045.0,30001980476923,TARIF VERT A5 - OPTION BASE MU,HTA SDT (2),285,285.0,285.0,285.0,285.0,,,239.0,237.0,188.0,218.0,191.0,,,53022.0,263507.0,195078.0,333776.0,195487.0,,,1040870.0,NON,,OUI,NON,,
12,13,JUSTICE,84.23Z,110010014,DAP,2015-11-01,EDF,CENTRE PENITENTIAIRE DE MARSEILLE,CHEMIN DE MORGIOU 13009 MARSEILLE,13009,MARSEILLE,10020000501664.0,30002510262649,TARIF VERT A5 - OPTION BASE LU,HTA SDT (2),780,780.0,780.0,780.0,780.0,,,961.0,942.0,745.0,767.0,528.0,,,205710.0,986672.0,687852.0,1205214.0,635947.0,,,3721395.0,NON,119609/200495,OUI,NON,,
13,14,JUSTICE,84.23Z,110010014,DAP,2015-11-01,EDF,MAISSONR D'ARRET DE NICE,12 RUE DE LA GENDARMERIE 06000 NICE,6000,NICE,17130120300096.0,30002540351442,TARIF VERT A5 - OPTION BASE LU,HTA SDT (2),255,255.0,255.0,255.0,255.0,,,272.0,265.0,241.0,226.0,179.0,,,61560.0,305142.0,227581.0,395005.0,229000.0,,,1218288.0,NON,115922/189797,OUI,NON,,
14,15,JUSTICE,84.23Z,110010014,DAP,2015-11-01,EDF,M. JUSTICE - CENTRE PENITENTIAIRE,68 BOULEVARD ALBERT EINSTEIN 44300 NANTES,44300,NANTES,17350120600093.0,30001420776403,TARIF VERT A5 - OPTION BASE LU,HTA SDT (2),450,450.0,450.0,450.0,450.0,,,525.0,495.0,353.0,438.0,310.0,,,99545.0,493299.0,358557.0,641199.0,368262.0,,,1960862.0,NON,,OUI,NON,,
15,16,JUSTICE,84.23Z,110010014,DAP,2015-11-01,EDF,CENTRE PENITENTIAIRE DES FEMMES DE  RENNES,18 B RUE DE CHATILLON 35000 RENNES,35000,RENNES,17350120600143.0,30001440267045,TARIF VERT A5 - OPTION BASE LU,HTA SDT (2),320,320.0,320.0,320.0,320.0,,,347.0,333.0,224.0,275.0,189.0,,,62955.0,312619.0,201400.0,379700.0,186331.0,,,1143005.0,NON,,OUI,NON,,
16,17,JUSTICE,84.23Z,110010014,DAP,2015-11-01,EDF,M JUSTICE  MAISON D ARRET,171 RUE DU GENERAL PAULET 29200 BREST,29200,BREST,17350120600283.0,30001460025099,TARIF VERT A5 - OPTION BASE MU,HTA 5P (2),320,320.0,320.0,320.0,320.0,,,331.0,318.0,271.0,266.0,235.0,,,50398.0,246170.0,173181.0,316466.0,190172.0,,,976387.0,NON,30001460025099,OUI,NON,,
17,18,JUSTICE,84.23Z,110010014,DAP,2015-11-01,EDF,M JUSTICE  EX MAISON D ARRET CAEN,10 RUE GENERAL DUPARGE 14000 CAEN,14000,CAEN,17350120600192.0,30000240236190,TARIF VERT A5 - OPTION BASE MU,HTA 5P (2),263,263.0,263.0,263.0,263.0,,,222.0,234.0,189.0,200.0,167.0,,,34492.0,166890.0,110753.0,208080.0,113686.0,,,633901.0,NON,,OUI,NON,,
18,19,JUSTICE,84.23Z,110010014,DAP,2015-11-01,EDF,LE CENTRE DE DETENTION,39 RUE GENERAL MOULIN 14000 CAEN,14000,CAEN,17350120600184.0,30000240852236,TARIF VERT A5 - OPTION BASE LU,HTA SDT (2),360,360.0,360.0,360.0,360.0,,,394.0,406.0,303.0,340.0,219.0,,,83311.0,383817.0,253728.0,443324.0,225806.0,,,1389986.0,NON,,OUI,NON,,
19,20,JUSTICE,84.23Z,110010014,DAP,2015-11-01,EDF,CENTRE PENITENTIAIRE DE CAEN,35 RUE GENERAL MOULIN 14000 CAEN,14000,CAEN,17350120600184.0,30000241043274,TARIF VERT A5 - OPTION BASE CU,HTA 5P (2),305,305.0,305.0,305.0,305.0,,,331.0,333.0,79.0,277.0,46.0,,,36323.0,136864.0,41785.0,192828.0,21682.0,,,429482.0,NON,,OUI,NON,,
20,21,JUSTICE,84.23Z,110010014,DAP,2015-11-01,EDF,SERVICES PENITENCIERS LARO - PERPIGNAN,CHEMIN DE MAILLOLES 66000 PERPIGNAN,66000,PERPIGNAN,17310120500214.0,30002420249364,TARIF VERT A5 - OPTION BASE LU,HTA SDT (2),450,450.0,450.0,450.0,450.0,,,480.0,448.0,346.0,465.0,315.0,,,92123.0,457241.0,342918.0,728109.0,448434.0,,,2068825.0,NON,,OUI,NON,,
21,22,JUSTICE,84.23Z,110010014,DAP,2015-11-01,EDF,CENTRE DE DETENTION,ROUTE DE SEYSSES BP 312 31600 MURET,31600,MURET,11001001400014.0,30002311658060,TARIF VERT A5 - OPTION BASE MU,HTA SDT (2),258,258.0,258.0,258.0,258.0,,,127.0,127.0,32.0,124.0,30.0,,,15355.0,77543.0,29858.0,112530.0,33059.0,,,268345.0,NON,,OUI,NON,,
22,23,JUSTICE,84.23Z,110010014,DAP,2015-11-01,EDF,CENTRE DE DETENTION,ROUTE DE SEYSSES BP 312 31600 MURET,31600,MURET,,30002311471650,TARIF VERT A5 - OPTION EJP MU,HTA SDT (2),,,,735.0,735.0,735.0,0.0,,,,669.0,455.0,783.0,753.0,,,,924671.0,616857.0,1410812.0,4398.0,2956738.0,NON,,OUI,NON,,
23,24,JUSTICE,84.23Z,110010014,DAP,2015-11-01,EDF,MAISON D'ARRÊT DES YVELINES BOIS D'ARCY,RUE ALEXANDRE TURPAULT 78390 BOIS D ARCY,78390,BOIS D ARCY,17940120300031.0,30002110536531,TARIF VERT A5 - OPTION BASE LU,HTA SDT (2),520,520.0,520.0,520.0,520.0,,,560.0,579.0,439.0,537.0,389.0,,,117879.0,619257.0,454810.0,721495.0,418433.0,,,2331874.0,NON,,OUI,NON,,
24,25,JUSTICE,84.23Z,110010014,DAP,2015-11-01,EDF,MAISON D'ARRÊT DE FLEURY MEROGIS,7 AVENUE DES PEUPLIERS 91700 FLEURY MEROGIS,91700,FLEURY MEROGIS,17940120300072.0,30002220440508,TARIF VERT A5 - OPTION BASE LU,HTA SDT (2),2200,2200.0,2200.0,2200.0,2200.0,,,2951.0,2951.0,2425.0,2264.0,1879.0,,,720225.0,3634859.0,2932142.0,4352329.0,2858119.0,,,14497674.0,OUI,,OUI,OUI,,"OUVERTURE COURANT 2015 du bâtiment D4 depuis le 10/02/2015: puissance 2670
Prévoir peut-être une puissance de 2950 pour 2016"
25,26,JUSTICE,84.23Z,110010014,DAP,2015-11-01,EDF,CENTRE PENITENTIAIRE DE FRESNES - CENTRE PENI,ALLEE DES THUYAS 94260 FRESNES,94260,FRESNES,17940120300098.0,30002130237208,TARIF VERT A5 - OPTION BASE LU,HTA SDT (2),650,830.0,830.0,830.0,830.0,,,899.0,889.0,796.0,756.0,623.0,,,223782.0,1066988.0,806347.0,1322791.0,810879.0,,,4230787.0,NON,,OUI,NON,,
26,27,JUSTICE,84.23Z,110010014,DAP,2015-11-01,EDF,CENTRE DE DETENTION DE MELUN,QUAI DE LA COURTILLE 77000 MELUN,77000,MELUN,17940120300205.0,30002210163401,TARIF VERT A5 - OPTION BASE LU,HTA SDT (2),385,408.0,408.0,408.0,408.0,,,435.0,445.0,293.0,356.0,201.0,,,88826.0,422733.0,309113.0,472358.0,252001.0,,,1545031.0,OUI,,OUI,NON,,
27,28,JUSTICE,84.23Z,110010014,DAP,2015-11-01,EDF,MAISON CENTRALE POISSY,17 RUE DE L ABBAYE 78300 POISSY,78300,POISSY,17940120300064.0,30002110399277,TARIF VERT A5 - OPTION BASE LU,HTA SDT (2),320,320.0,320.0,320.0,320.0,,,394.0,363.0,285.0,304.0,245.0,,,78747.0,366150.0,265342.0,441511.0,249432.0,,,1401182.0,NON,,OUI,NON,,
28,29,JUSTICE,84.23Z,110010014,DAP,2015-11-01,EDF,MAISON CENTRALE D ENSISHEIM,49 RUE DE LA 1ERE ARMEE 68190 ENSISHEIM,68190,ENSISHEIM,17670120900049.0,30000630111148,TARIF VERT A5 - OPTION BASE LU,HTA SDT (2),320,320.0,320.0,320.0,320.0,,,396.0,406.0,244.0,359.0,216.0,,,74114.0,340886.0,247174.0,447799.0,256898.0,,,1366871.0,NON,102555 / 145119,OUI,NON,,
29,30,JUSTICE,84.23Z,110010014,DAP,2015-11-01,EDF,CENTRE DE DETENTION TOUL,804 RUE DU MARECHAL LYAUTEY 54200 TOUL,54200,TOUL,17670120900239.0,30000510086550,TARIF VERT A5 - OPTION BASE LU,HTA 5P (2),300,300.0,300.0,300.0,300.0,,,385.0,395.0,59.0,365.0,32.0,,,43777.0,208160.0,56545.0,289789.0,32864.0,,,631135.0,NON,101710 / 140509,OUI,NON,,
30,31,JUSTICE,84.23Z,110010014,DAP,2015-11-01,EDF,CENTRE DE DETENTION  ECROUVES,323 ROUTE DE PAGNEY CENTRE PENIT 54200 ECROUVES,54200,ECROUVES,17670120900197.0,30000510282202,TARIF VERT A5 - OPTION BASE LU,HTA SDT (2),280,280.0,280.0,280.0,280.0,,,272.0,245.0,197.0,228.0,152.0,,,54726.0,257831.0,185094.0,326272.0,188521.0,,,1012444.0,NON,101631 / 138687,OUI,NON,,
31,32,JUSTICE,84.23Z,110010014,DAP,2015-11-01,EDF,CENTRE DE DETENTION  OERMINGEN,. 67970 OERMINGEN,67970,OERMINGEN,17670120900098.0,30000550073553,TARIF VERT A5 - OPTION BASE LU,HTA SDT (2),250,250.0,250.0,250.0,250.0,,,353.0,336.0,232.0,322.0,185.0,,,60996.0,286558.0,194941.0,372982.0,210174.0,,,1125651.0,NON,109088 / 145450,OUI,NON,,
32,33,JUSTICE,84.23Z,110010014,DAP,2015-11-01,EDF,MAISON D'ARRET D'EPINAL,SIGNE 09/06/99 13 RUE VILLARS 01/01/99 88000 EPINAL,88000,EPINAL,17670120900288.0,30000540177920,TARIF VERT A5 - OPTION BASE LU,HTA SDT (2),260,260.0,260.0,260.0,260.0,,,284.0,294.0,192.0,255.0,145.0,,,53038.0,253525.0,187044.0,327220.0,204657.0,,,1027542.0,NON,132088 / 191440,OUI,NON,,
33,34,JUSTICE,84.23Z,110010014,DAP,2015-11-01,EDF,CENTRE DE DETENTION  TOUL,804 RUE DU MARECHAL LYAUTEY 54200 TOUL,54200,TOUL,17670120900239.0,30000510086448,TARIF VERT A5 - OPTION BASE LU,HTA SDT (2),280,280.0,280.0,280.0,280.0,,,310.0,319.0,279.0,276.0,248.0,,,71069.0,339162.0,268939.0,418642.0,281191.0,,,1379003.0,NON,101710 / 140509,OUI,NON,,
34,35,JUSTICE,84.23Z,110010014,DAP,2015-11-01,EDF,CENTRE DE DETENTION MONTMEDY,48324 RUE DU COMMANDANT MENARD CONTRAT 48324 55600 MONTMEDY,55600,MONTMEDY,17670120900270.0,30000520361966,TARIF VERT A5 - OPTION EJP MU,HTA 5P (2),,,,350.0,350.0,350.0,0.0,,,,305.0,181.0,349.0,308.0,,,,425468.0,230170.0,516909.0,1273.0,1173820.0,NON,"115472 / 143135
n° 8",OUI,NON,,
35,36,JUSTICE,84.23Z,110010014,DAP,2015-11-01,EDF,REIP - MURET,ROUTE DE SEYSSES,31600,MURET,17310120500164.0,30002311160384,VERT Base A5 MU,HTA 5P (2),280,280.0,280.0,280.0,280.0,,,241.0,257.0,24.0,271.0,16.0,,,22312.0,111507.0,12940.0,179858.0,11936.0,,,338553.0,NON,,OUI,NON,,
36,37,JUSTICE,84.23Z,110010014,DSJ,2015-11-01,EDF,MIN JUS - T.G.I. DE BORDEAUX,30 RUE DES FRERES BONIE 33000 BORDEAUX,33000,BORDEAUX,17330111000115.0,30001611321283,TARIF VERT A5 - OPTION BASE LU,HTA SDT (2),530,530.0,530.0,660.0,660.0,,,601.0,603.0,395.0,616.0,398.0,,,116618.0,612058.0,341222.0,1019291.0,447571.0,,,2536760.0,NON,117806/221459,OUI,NON,,
37,38,JUSTICE,84.23Z,110010014,DSJ,2015-11-01,EDF,JUSTICE 1 JUDIC - TGI LILLE,AVENUE DU PEUPLE BELGE 59800 LILLE,59800,LILLE,17590111500709.0,30000110420652,TARIF VERT A5 - OPTION BASE LU,HTA SDT (2),370,370.0,370.0,370.0,370.0,,,383.0,393.0,187.0,353.0,152.0,,,68820.0,373543.0,144554.0,474600.0,156840.0,,,1218357.0,NON,105018/156138,OUI,NON,,
38,39,JUSTICE,84.23Z,110010014,DSJ,2015-11-01,EDF,JUSTICE 2 JUDIC - TGI DOUAI,PLACE CHARLES DE POLLINCHOVE 59500 DOUAI,59500,DOUAI,17590111500014.0,30000130159210,TARIF VERT A5 - OPTION BASE MU,HTA 5P (2),255,255.0,255.0,255.0,255.0,,,258.0,249.0,120.0,258.0,125.0,,,36028.0,190007.0,81404.0,271102.0,98663.0,,,677204.0,NON,140643/163278,OUI,NON,,
39,40,JUSTICE,84.23Z,110010014,DSJ,2015-11-01,EDF,NOUVEAU PALAIS DE JUSTICE,PLACE PIERRE FLOTTE 34000 MONTPELLIER,34000,MONTPELLIER,17340111800588.0,30002430739747,TARIF VERT A5 - OPTION BASE MU,HTA 5P (2),230,230.0,230.0,400.0,400.0,,,188.0,193.0,132.0,404.0,356.0,,,40064.0,221233.0,132452.0,508823.0,281297.0,,,1183869.0,NON,149780,OUI,NON,,
40,41,JUSTICE,84.23Z,110010014,DSJ,2015-11-01,EDF,CITE JUDICIAIRE,AVENUE DU MARECHAL JUIN 54000 NANCY,54000,NANCY,17540111600108.0,30000510485800,TARIF VERT A5 - OPTION BASE MU,HTA 5P (2),243,243.0,294.0,294.0,294.0,,,270.0,262.0,130.0,267.0,136.0,,,52018.0,274978.0,154284.0,399693.0,182270.0,,,1063243.0,NON,,OUI,NON,,
41,42,JUSTICE,84.23Z,110010014,DSJ,2015-11-01,EDF,PALAIS DE JUSTICE D AVIGNON,2 BOULEVARD LIMBERT 84078 AVIGNON CEDEX 9,84078,AVIGNON CEDEX 9,44260916000019.0,30002581098026,TARIF VERT A5 - OPTION BASE MU,HTA 5P (2),278,278.0,337.0,337.0,337.0,,,187.0,188.0,132.0,341.0,170.0,,,34403.0,174650.0,89208.0,345994.0,173114.0,,,817369.0,NON,Bâtiment n°194428,OUI,NON,,
42,43,JUSTICE,84.23Z,110010014,DSJ,2015-11-01,EDF,PALAIS DE JUSTICE DE PARIS,2 BOULEVARD DU PALAIS 75001 PARIS,75001,PARIS,17750111100039.0,30000730676754,TARIF VERT A5 - OPTION BASE LU,HTA SDT (2),1200,1200.0,1200.0,1200.0,1200.0,,,1196.0,1252.0,554.0,1157.0,490.0,,,245710.0,1346931.0,743652.0,1854514.0,849979.0,,,5040786.0,NON,119705,OUI,NON,,"Départ prévu du TGI à l'automne 2017;
incertitude quant au calendrier de réaménagement du Palais de justice"
43,44,JUSTICE,84.23Z,110010014,DSJ,2015-11-01,EDF,MIN JUST - TGI DE MELUN (221-13786),2 AVENUE DU GENERAL LECLERC 77000 MELUN,77000,MELUN,17750111101177.0,30002211378607,TARIF VERT A5 - OPTION BASE LU,HTA 5P (2),370,370.0,370.0,470.0,470.0,,,332.0,321.0,135.0,486.0,229.0,,,68435.0,320281.0,110564.0,592531.0,170409.0,,,1262220.0,NON,134389,OUI,NON,,
44,45,JUSTICE,84.23Z,110010014,DSJ,2015-11-01,EDF,MIN JUST - TGI DE CRETEIL,RUE PASTEUR VALERY-RADOT POSTE : JURE 94000 CRETEIL,94000,CRETEIL,10270000200268.0,30002231315741,TARIF VERT A5 - OPTION BASE MU,HTA 5P (2),550,550.0,550.0,550.0,550.0,,,419.0,400.0,175.0,358.0,160.0,,,75815.0,385543.0,191087.0,543952.0,238609.0,,,1435006.0,NON,144588,OUI,NON,,
45,46,JUSTICE,84.23Z,110010014,DSJ,2015-11-01,EDF,MIN JUST - PALAIS DE JUSTICE DE BOBIGNY (225-01304,AVENUE PAUL VAILLANT COUTURIER 93000 BOBIGNY,93000,BOBIGNY,17750111100583.0,30002250130488,TARIF VERT A5 - OPTION BASE LU,HTA SDT (2),450,500.0,500.0,500.0,500.0,,,342.0,373.0,267.0,434.0,308.0,,,71557.0,457538.0,306418.0,792343.0,453806.0,,,2081662.0,NON,104733,OUI,NON,,
46,47,JUSTICE,84.23Z,110010014,DSJ,2015-11-01,EDF,TRIBUNAL DE POLICE,11 RUE DE CAMBRAI IMMEUBLE BRABANT 75019 PARIS,75019,PARIS,17750111100369.0,30000751239402,TARIF VERT A5 - OPTION BASE MU,HTA 5P (2),500,500.0,500.0,500.0,500.0,,,425.0,489.0,246.0,361.0,174.0,,,68527.0,358602.0,229238.0,409891.0,230929.0,,,1297187.0,NON,143455,NON,NON,,
47,48,JUSTICE,84.23Z,110010014,DSJ,2015-11-01,EDF,CONSEIL DES PRUDHOMMES,AVENUE PAUL VAILLANT COUTURIER 93000 BOBIGNY,93000,BOBIGNY,17750111100682.0,30002254007118,TARIF VERT A5 - OPTION BASE MU,HTA 5P (2),250,250.0,250.0,250.0,250.0,,,138.0,142.0,95.0,168.0,92.0,,,28872.0,149602.0,72537.0,241449.0,106998.0,,,599458.0,NON,137581,OUI,NON,,
48,49,JUSTICE,84.23Z,110010014,DSJ,2015-11-01,EDF,M. JUSTICE - PALAIS DE JUSTICE (NANTES),QUAI FRANCOIS MITTERRAND 44200 NANTES,44200,NANTES,17350111501243.0,30001421419024,TARIF VERT A5 - OPTION BASE LU,HTA SDT (2),390,390.0,390.0,440.0,440.0,,,418.0,421.0,248.0,509.0,280.0,,,87923.0,464182.0,254829.0,738346.0,326387.0,,,1871667.0,NON,"UE : 140622
Bâtiment : 128211",OUI,NON,,
49,50,JUSTICE,84.23Z,110010014,DSJ,2015-11-01,EDF,MIN. JUSTICE 31 CITE JUDICIAIRE,ALLEES JULES GUESDE 31000 TOULOUSE,31000,TOULOUSE,17310111400259.0,30002311387278,TARIF VERT A5 - OPTION BASE LU,HTA 5P (2),560,560.0,560.0,560.0,560.0,,,446.0,538.0,214.0,631.0,358.0,,,86532.0,434466.0,217177.0,866317.0,385762.0,,,1990254.0,NON,140553,OUI,NON,,
50,51,JUSTICE,84.23Z,110010014,DSJ,2015-11-01,EDF,TRIBUNAL DE GRANDE INSTANCE,179 AVE JOLIOT CURIE CABINE DE CHANTIER 92000 NANTERRE,92000,NANTERRE,17780111500151.0,30002140365010,TARIF VERT A5 - OPTION BASE LU,HTA 5P (2),600,600.0,600.0,600.0,600.0,,,229.0,313.0,152.0,245.0,154.0,,,50262.0,272541.0,171060.0,424213.0,210869.0,,,1128945.0,NON,,OUI,NON,,
51,52,JUSTICE,84.23Z,110010014,DSJ,2015-11-01,EDF,MINISTERE DE LA JUSTICE,2 RUE PABLO NERUDA 92000 NANTERRE,92000,NANTERRE,17780111500698.0,30002141147778,TARIF VERT A5 - OPTION BASE MU,HTA SDT (2),390,390.0,390.0,390.0,390.0,,,306.0,307.0,226.0,199.0,121.0,,,69606.0,343092.0,250337.0,355287.0,166007.0,,,1184329.0,NON,,OUI,NON,,
52,53,JUSTICE,84.23Z,110010014,DSJ,2015-11-01,EDF,PALAIS DE JUSTICE,3 RUE VICTOR HUGO 95300 PONTOISE,95300,PONTOISE,17780111500680.0,30002122309435,TARIF VERT A5 - OPTION BASE LU,HTA SDT (2),600,600.0,600.0,800.0,800.0,,,394.0,397.0,230.0,364.0,229.0,,,84075.0,439134.0,199992.0,601347.0,225087.0,,,1549635.0,NON,,OUI,NON,,
53,54,JUSTICE,84.23Z,110010014,DSJ,2015-11-01,EDF,TRIBUNAL DE GDE INSTANCE,AVENUE DE L EUROPE PALAIS DE JUSTICE 78000 VERSAILLES,78000,VERSAILLES,17780111500466.0,30002110522924,TARIF VERT A5 - OPTION BASE LU,HTA SDT (2),330,550.0,550.0,550.0,550.0,,,660.0,645.0,443.0,440.0,164.0,,,113026.0,505408.0,225609.0,446982.0,149615.0,,,1440640.0,NON,,OUI,NON,,
54,55,JUSTICE,84.23Z,110010014,DSJ,2015-11-01,EDF,PALAIS DE JUSTICE DE LYON,67 RUE SERVIENT,69003,LYON,17690111400833.0,30001911449422,TARIF VERT A5 - OPTION BASE LU,HTA SDT (2),,570.0,528.0,650.0,650.0,,,,608.0,262.0,552.0,330.0,,,,812080.0,54812.0,876557.0,356737.0,,,2100186.0,NON,,OUI,NON,,
55,56,JUSTICE,84.23Z,110010014,DSJ,2015-11-01,EDF,CITE JUDICIAIRE,QUARTIER KILMAINE 13150 TARASCON,13150,TARASCON,11001001400014.0,50066136026009,TARIF VERT A5 - OPTION BASE MU,HTA 5P (2),530,530.0,530.0,530.0,530.0,,,66.0,108.0,30.0,147.0,96.0,,,10598.0,-6299.0,-22710.0,100351.0,42089.0,,,124029.0,NON,,OUI,NON,,
56,57,JUSTICE,84.23Z,110010014,DSJ,2015-11-01,EDF,PALAIS MONTCLAR,1 RUE PEYRESC 13100 AIX EN PROVENCE,13100,AIX EN PROVENCE,17130111200016.0,30002521003377,TARIF VERT A5 - OPTION BASE LU,HTA SDT (2),400,400.0,400.0,400.0,400.0,,,365.0,367.0,227.0,372.0,201.0,,,76298.0,392920.0,250662.0,597340.0,306766.0,,,1623986.0,NON,,OUI,NON,,
57,58,JUSTICE,84.23Z,110010014,DSJ,2015-11-01,EDF,PALAIS DE JUSTICE DE GRASSE,37 AVENUE PIERRE SEMARD 06130 GRASSE,6130,GRASSE,17130111201261.0,30002590707766,TARIF VERT A5 - OPTION BASE MU,HTA 5P (2),600,600.0,600.0,600.0,600.0,,,286.0,320.0,137.0,429.0,198.0,,,55898.0,282295.0,88388.0,557806.0,152938.0,,,1137325.0,NON,,OUI,NON,,
58,59,JUSTICE,84.23Z,110010014,DSJ,2015-11-01,EDF,ANNEXE DU TRIBUNAL DE GRANDE INSTANCE D AIX EN PROVENCE,IMPASSE DES FRERES PRATESI 13090 AIX EN PROVENCE,13090,AIX EN PROVENCE,17130111201246.0,30002524096202,TARIF VERT A5 - OPTION BASE MU,HTA 5P (2),320,320.0,320.0,320.0,320.0,,,166.0,173.0,152.0,141.0,82.0,,,23107.0,107986.0,92606.0,127068.0,70720.0,,,421487.0,NON,,OUI,NON,,
59,60,JUSTICE,84.23Z,110010014,DSJ,2015-11-01,EDF,MINIST JUSTICE,6 RUE JOSEPH AUTRAN TRIBUNAL GRANDE INSTANCE 13281 MARSEILLE CEDEX 06,13281,MARSEILLE CEDEX 06,10020000500765.0,30002510266029,TARIF VERT A5 - OPTION BASE MU,HTA SDT (2),400,400.0,400.0,500.0,500.0,,,465.0,460.0,201.0,515.0,278.0,,,84275.0,451951.0,240061.0,813437.0,387639.0,,,1977363.0,NON,,OUI,NON,,
60,61,JUSTICE,84.23Z,110010014,DSJ,2015-11-01,EDF,COUR D'APPEL DE CAEN,PLACE GAMBETTA 14000 CAEN,14000,CAEN,17140111000464.0,30000240713749,TARIF VERT A5 - OPTION BASE MU,HTA 5P (2),548,570.0,570.0,570.0,570.0,,,557.0,557.0,262.0,354.0,202.0,,,73656.0,360440.0,145788.0,277558.0,82261.0,,,939703.0,NON,,OUI,NON,,
61,62,JUSTICE,84.23Z,110010014,DSJ,2015-11-01,EDF,JUSTICE-PALAIS DE JUSTICE D'ANNECY,51 RUE SOMMEILLER 74000 ANNECY,74000,ANNECY,11001001400014.0,30001950411897,TARIF VERT A5 - OPTION BASE MU,HTA 5P (2),120,120.0,120.0,270.0,270.0,,,133.0,221.0,126.0,278.0,146.0,,,20760.0,125724.0,64590.0,233468.0,105306.0,,,549848.0,NON,,OUI,NON,,
62,63,JUSTICE,84.23Z,110010014,DSJ,2015-11-01,EDF,TRIBUNAL DE GRANDE INSTANCE,16 PLACE DE L ETOILE 63000 CLERMONT FERRAND,63000,CLERMONT FERRAND,17630111700303.0,30001710489874,TARIF VERT A5 - OPTION BASE LU,HTA 5P (2),250,250.0,250.0,250.0,250.0,,,264.0,245.0,81.0,313.0,171.0,,,37256.0,182473.0,62960.0,313512.0,99989.0,,,696190.0,NON,,OUI,NON,,
63,64,JUSTICE,84.23Z,110010014,AC,2015-11-01,EDF,MIN JUST - CENTRE DE PRESTATION REGIONAL IDF (223-,6 B AVENUE DES TUILERIES POSTE MAGISTRAT 91350 GRIGNY,91350,GRIGNY,10200000700736.0,30002230836607,TARIF VERT A5 - OPTION BASE LU,HTA SDT (2),330,330.0,330.0,330.0,330.0,,,308.0,316.0,307.0,308.0,277.0,,,82485.0,448488.0,403075.0,734902.0,535022.0,,,2203972.0,NON,,OUI,NON,,
64,65,JUSTICE,84.23Z,110010014,AC,2015-11-01,EDF,CASIER JUDICIAIRE NATIONAL,107 RUE DU LANDREAU 44300 NANTES,44300,NANTES,12001002000028.0,30001420614757,TARIF VERT A5 - OPTION BASE LU,HTA SDT (2),350,350.0,350.0,350.0,350.0,,,366.0,399.0,284.0,396.0,351.0,,,85024.0,469064.0,367219.0,820868.0,536620.0,,,2278795.0,NON,,OUI,NON,,
65,66,JUSTICE,84.23Z,110010014,AC,2015-11-01,EDF,MINISTERE DE LA JUSTICE,8 RUE DU RENARD 75004 PARIS,75004,PARIS,17750111100039.0,30000711020909,TARIF VERT A5 - OPTION BASE LU,HTA 5P (2),260,260.0,260.0,260.0,260.0,,,170.0,173.0,87.0,158.0,85.0,,,33343.0,174992.0,87287.0,248001.0,103799.0,,,647422.0,NON,,NON,NON,,
66,67,JUSTICE,84.23Z,110010014,AC,2015-11-01,EDF,MINISTERE DE LA JUSTICE,34 RUE CAMBON 75001 PARIS,75001,PARIS,11001001400014.0,30000710044738,TARIF VERT A5 - OPTION BASE LU,HTA SDT (2),283,290.0,290.0,290.0,290.0,,,256.0,259.0,141.0,245.0,156.0,,,54088.0,285475.0,148248.0,442495.0,201033.0,,,1131339.0,NON,,OUI,NON,,
67,68,JUSTICE,84.23Z,110010014,DPJJ,2015-11-01,EDF,MINISTERE DE LA JUSTICE ENPJJ,16 RUE DU CUROIR 59100 ROUBAIX,59100,ROUBAIX,19920835600162.0,30000112124579,TARIF VERT A5 - OPTION BASE MU,HTA 5P (2),500,500.0,500.0,500.0,500.0,,,192.0,222.0,77.0,209.0,80.0,,,32223.0,173421.0,83164.0,261113.0,98768.0,,,648689.0,NON,,OUI,NON,,
68,69,JUSTICE,84.23Z,110010014,DAP,2015-11-01,ES Energies,MAISON D'ARRET,6        RUE ENGELMANN - MAISON ARRET,67000,STRASBOURG,, 67482/E2/8001655,Vert A 5 Base  L U,HTA,440,440.0,460.0,460.0,460.0,,,,11.0,,,,,,100149.0,504684.0,333177.0,695115.0,371694.0,,,2004819.0,NON,,OUI,NON,,
69,70,JUSTICE,84.23Z,110010014,DAP,2015-11-01,UEM,CP METZ-  MAISON D'ARRET,1 rue de la Seulhotte BP 95020,57071,METZ Cedex 3,,contrat n°164,tarif vert,HTA,430,430.0,430.0,430.0,430.0,,,547.0,526.0,369.0,504.0,301.0,,,107589.0,543204.0,373963.0,708816.0,406336.0,,,2139908.0,NON,,OUI,NON,,
70,71,JUSTICE,8423Z,110010014,DSJ,2015-11-01,GEG,CA Grenoble,"Place Firmin Gautier B.P. 110, 38019 GRENOBLE Cedex 1",38019,GRENOBLE,17380111900426.0,42,Tarif vert base LU,HTA,530,530.0,530.0,775.0,775.0,,,485.0,519.0,479.0,980.0,756.0,,,110317.0,607312.0,289658.0,1261174.0,463683.0,,,2732144.0,NON,,OUI,NON,,
71,72,M. SOCIAUX,8411Z,130016538,,2015-11-01,EDF,ARS AQUITAINE,103 Bis RUE BELLEVILLE,33000,BORDEAUX,13000786700018.0,30001612137230,VERT Base A5 MU,HTA 5P (2),355,355.0,355.0,355.0,355.0,,,,,,,,,,124662.0,136549.0,268768.0,200380.0,45499.0,,,775858.0,NON,Sans objet,OUI,NON,,
72,73,M. SOCIAUX,8411Z,130016538,,2015-11-01,EDF,ARS AUVERGNE,60 AVENUE DE L UNION SOVIETIQUE,63000,CLERMONT FERRAND,13000789100018.0,30001711016634,VERT Base A5 LU,HTA SDT (2),275,275.0,275.0,275.0,275.0,,,,,,,,,,162826.0,160525.0,280485.0,210157.0,43802.0,,,857795.0,NON,Sans objet,OUI,NON,,
73,74,M. SOCIAUX,8411Z,130016538,ARS,2015-11-01,EDF,ARS BASSE NORMANDIE,2 PLACE JEAN NOUZILLE,14050,CAEN,13000790900018.0,30000241131800,VERT Base A5 MU,HTA 5P (2),400,400.0,400.0,400.0,400.0,,,,,,,,,,101374.0,179671.0,183397.0,265981.0,53150.0,,,783573.0,NON,Sans objet,OUI,OUI,-0.2,Réduction attendue de la consommation de 20 % suite à action sur le groupe froid excessivement consommateur (échéance : septembre 2015)
74,75,M. SOCIAUX,8411Z,130016538,ARS,2015-11-01,EDF,ARS LIMOUSIN,24 RUE DONZELOT,87031,LIMOGES,13000805500019.0,30001550474063,VERT Base A5 MU,HTA 5P (2),271,271.0,271.0,271.0,271.0,,,,,,,,,,63113.0,119255.0,135563.0,154573.0,34347.0,,,506851.0,NON,Sans objet,OUI,NON,,
75,76,M. SOCIAUX,8411Z,130016538,,2015-11-01,EDF,ARS NORD PAS DE CALAIS,1 RUE DE LA CHAUDE RIVIERE,59800,LILLE,13000797400079.0,30000114094988,VERT Base A5 MU,HTA 5P (2),400,400.0,400.0,400.0,400.0,,,,,,,,,,115214.0,117875.0,347286.0,285138.0,51378.0,,,916891.0,OUI,176129,OUI,NON,,
76,77,M. SOCIAUX,8411Z,130016538,,2015-11-01,EDF,ARS PACA,132 BOULEVARD DE PARIS,13331,MARSEILLE 03,13000798200106.0,30002514039813,VERT Base A5 MU,HTA SDT (2),400,400.0,400.0,400.0,400.0,,,,,,,,,,204148.0,241433.0,369854.0,268817.0,56140.0,,,1140392.0,NON,Sans objet,OUI,OUI,,
77,78,M. SOCIAUX,8411Z,130016538,,2015-11-01,EDF,DRJSCS POITOU CHARENTES,4 RUE MICHELINE OSTERMEYER,86000,POITIERS,17860300700034.0,30001540672601,VERT Base A5 MU,HTA 5P (2),472,472.0,472.0,472.0,415.0,,,297.0,305.0,395.0,192.0,54.0,,,69939.0,99132.0,170165.0,163822.0,35943.0,,,539001.0,NON,114071,OUI,NON,,
78,79,M. SOCIAUX,8411Z,130016538,DFAS,2015-11-01,EDF,MINISTERE TRAVAIL ET SECURITE,9 AVENUE DE LOWENDAL,75007,PARIS 07,,30000740575631,VERT Base A5 LU,HTA SDT (2),1450,1450.0,1450.0,1450.0,1450.0,,,2018.0,1980.0,1388.0,1948.0,1399.0,,,2184836.0,1547089.0,3910637.0,2257641.0,417258.0,,,10317461.0,NON,NC,OUI,NON,,
79,80,MEDDE-MLETR,8411Z,110068012,DGAC - CRNA EST,2015-11-01,EDF,CRNA-E,2 RUE ALBERTO SANTOS DUMONT,51100,REIMS,17510004900014.0,30000430005809,VERT Base A5 TLU,HTA SDT (2),760,760.0,760.0,760.0,760.0,,,,,,,,,,175691.0,970569.0,805834.0,1718054.0,1213243.0,,,4883391.0,NON,SERVICE NE DISPOSANT PAS DE CHORUS,OUI,NON,,
80,81,MEDDE-MLETR,8411Z,110068012,DGAC - CRNA OUEST,2015-11-01,EDF,CRNA-O,RADAR DE BRETAGNE,29470,LOPERHET,17291329500017.0,30001460547625,VERT Base A5 LU,HTA SDT (2),900,900.0,900.0,900.0,900.0,,,,,,,,,,209064.0,1125369.0,991456.0,1780767.0,1280604.0,,,5387260.0,NON,SERVICE NE DISPOSANT PAS DE CHORUS,OUI,NON,,
81,82,MEDDE-MLETR,8411Z,110068012,DGAC - CRNA SUD-EST,2015-11-01,EDF,CRNA-SE,1 RUE VINCENT AURIOL,13617,AIX EN PROVENCE CEDEX 1,13000623200016.0,30002521192463,VERT EJP A8 TLU,HTA SDT (2),"Voir indications sur onglet ""LOT 1 Détail conso 8 postes""",,,,,,,,,,,,,,,,,,,,,,NON,SERVICE NE DISPOSANT PAS DE CHORUS,OUI,NON,,
82,83,MEDDE-MLETR,8411Z,110068012,DGAC - CRNA SUD-OUEST,2015-11-01,EDF,CRNA-SO,AVENUE DE BEAUDESERT,33700,MERIGNAC,17330140900012.0,30001611960374,VERT Base A8 TLU,HTA SDT (2),"Voir indications sur onglet ""LOT 1 Détail conso 8 postes""",,,,,,,,,,,,,,,,,,,,,,NON,SERVICE NE DISPOSANT PAS DE CHORUS,OUI,NON,,
83,84,MEDDE-MLETR,8411Z,110068012,DGAC - DTI,2015-11-01,EDF,DTI - TV,AVENUE DOCTEUR MAURICE GRYNFOGEL,31035,TOULOUSE,16006401000020.0,30002310812969,VERT Base A5 LU,HTA SDT (2),1250,1250.0,1250.0,1600.0,1600.0,,,,,,,,,,311693.0,1701705.0,1266735.0,3087193.0,1893810.0,,,8261136.0,NON,SERVICE NE DISPOSANT PAS DE CHORUS,OUI,NON,,
84,85,MEDDE-MLETR,8411Z,110068012,DGAC - SG,2015-11-01,EDF,SG - LOGIS,50 RUE HENRI FARMAN,75015,PARIS,12006401900074.0,30000741198542,VERT Base A5 TLU,HTA 5P (2),726,765.0,765.0,840.0,840.0,,,,,,,,,,120955.0,653477.0,360002.0,1107626.0,489163.0,,,2731223.0,NON,SERVICE NE DISPOSANT PAS DE CHORUS,OUI,NON,,
85,86,MEDDE-MLETR,8411Z,110068012,DGAC - SG,2015-11-01,EDF,SG - SSIM,RUE HENRI GOURMELIN,91200,ATHIS MONS,12006401900074.0,30002231754701,VERT Base A5 MU,HTA SDT (2),300,300.0,300.0,300.0,300.0,,,,,,,,,,62576.0,335864.0,283989.0,596865.0,415526.0,,,1694820.0,NON,SERVICE NE DISPOSANT PAS DE CHORUS,OUI,NON,,
86,87,MEDDE-MLETR,8411Z,110068012,DGAC - SIA,2015-11-01,EDF,SIA,8 AVENUE ROLAND GARROS,33700,MERIGNAC,17330640800019.0,30001611200798,VERT Base A5 MU,HTA 5P (2),362,362.0,362.0,362.0,362.0,,,,,,,,,,45789.0,233275.0,148998.0,381385.0,187598.0,,,997045.0,NON,SERVICE NE DISPOSANT PAS DE CHORUS,OUI,NON,,
87,88,MEDDE-MLETR,8411Z,110068012,DGAC - SNA RP,2015-11-01,EDF,SNA-RP,CRNA-N,91200,ATHIS MONS,13001186900018.0,30002230342739,VERT Base A5 TLU,HTA SDT (2),1000,1000.0,1000.0,1060.0,1060.0,,,,,,,,,,214432.0,1184247.0,937889.0,2047767.0,1368976.0,,,5753311.0,NON,SERVICE NE DISPOSANT PAS DE CHORUS,OUI,NON,,
88,89,MEDDE-MLETR,8411Z,110068012,DGAC - SNA RP,2015-11-01,EDF,SNA-RP,CRNA-N - ROUTE PERIPHERIQUE BAT N° 1608,91200,ATHIS MONS,17910640600012.0,30002231572806,VERT Base A5 MU,HTA 5P (2),200,200.0,900.0,900.0,900.0,,,,,,,,,,23920.0,121005.0,92141.0,197442.0,129945.0,,,564453.0,NON,SERVICE NE DISPOSANT PAS DE CHORUS,OUI,NON,,
89,90,MEDDE-MLETR,8411Z,110068012,DGAC - STAC,2015-11-01,EDF,STAC,31 AVENUE DU MARECHAL LECLERC - CS 30012,94385,BONNEUIL SUR MARNE CEDEX,13001356800014.0,30002230253088,VERT Base A5 MU,HTA SDT (2),416,416.0,416.0,416.0,416.0,,,,,,,,,,72943.0,378525.0,210376.0,367112.0,139426.0,,,1168382.0,NON,SERVICE NE DISPOSANT PAS DE CHORUS,OUI,NON,,
90,91,MEDDE-MLETR,8411Z,110068012,DIR ATLANTIQUE,2015-11-01,EDF,DIRA - TUNNEL FERROVIAIRE,TUNNEL FERROVIAIRE - LES FORGES D'ABEL,64491,URDOS,13000171200368.0,30001650757005,VERT Base A5 CU,HTA 5P (2),1000,1000.0,1000.0,1000.0,1000.0,,,,,,,,,,39329.0,214628.0,175043.0,337069.0,226685.0,,,992754.0,NON,,OUI,NON,,
91,92,MEDDE-MLETR,8411Z,110068012,DIR CENTRE-EST,2015-11-01,EDF,DIRCE - DISTRICT MACON - TUNNEL DE TALANT,NOVALLES - ALLEE DE BONVAUX,21240,TALANT,13000173800074.0,30001223068904,VERT Base A5 LU,HTA 5P (2),1600,1600.0,2700.0,2700.0,2700.0,,,,,,,,,,21245.0,91432.0,53693.0,379816.0,177337.0,,,723523.0,NON,,OUI,NON,,
92,93,MEDDE-MLETR,8411Z,110068012,DIR CENTRE-EST,2015-11-01,EDF,DIRCE - DISTRICT CHAMBERY - ECLAIRAGE TUNNEL DES MONTS T OUEST,RN 201,73000,CHAMBERY,17730661000326.0,30001960520910,VERT Base A5 CU,HTA 5P (2),210,270.0,270.0,270.0,270.0,,,,,,,,,,15966.0,90378.0,59669.0,175442.0,96077.0,,,437532.0,NON,,OUI,NON,,Eclairage/équipement tunnel.
93,94,MEDDE-MLETR,8411Z,110068012,DIR CENTRE-EST,2015-11-01,EDF,DIRCE - DISTRICT CHAMBERY - ECLAIRAGE TUNNEL DES MONTS T EST,RN 201,73000,CHAMBERY,17730661000326.0,30001960521047,VERT Base A5 CU,HTA 5P (2),200,300.0,300.0,300.0,300.0,,,,,,,,,,18393.0,108248.0,73938.0,171269.0,109098.0,,,480946.0,NON,,OUI,NON,,Eclairage/équipement tunnel.
94,95,MEDDE-MLETR,8411Z,110068012,DIR CENTRE-EST,2015-11-01,EDF,DIRCE - DISTRICT ST ETIENNE - CEI DE LA VARIZELLE,ECLAIRAGE ET VENTILLATION TUNNEL RN 88 - RUE DE DUNKERQUE,42100,SAINT ETIENNE,13000173800017.0,30001980307529,VERT Base A5 LU,HTA 5P (2),320,320.0,320.0,320.0,320.0,,,,,,,,,,11235.0,68043.0,57918.0,121576.0,69510.0,,,328282.0,NON,,OUI,NON,,"Consommation annuelle stable, susceptible de varier (ventilation du tunnel) uniquement en cas d’événement exceptionnel (incendie)"
95,96,MEDDE-MLETR,8411Z,110068012,DIR ILE DE FRANCE,2015-11-01,EDF,DIRIF - TUNNEL AMBROISE PARE POSTE EST,PORTE DE BOULOGNE ENTREE AUTOROUTE A 13,75016,PARIS,17590661900010.0,30000740440540,VERT Base A5 MU,HTA 5P (2),250,380.0,380.0,380.0,380.0,,,,,,,,,,19435.0,122434.0,108420.0,227448.0,175769.0,,,653506.0,OUI,,OUI,NON,,"Pas de variation de consommations prévues, seulement un ajustement des puissances contractuelles aux puissances atteintes."
96,97,MEDDE-MLETR,8411Z,110068012,DIR ILE DE FRANCE,2015-11-01,EDF,DIRIF - EP,RN 286A,78000,VERSAILLES,13000174600101.0,30002110521360,VERT Base A5 LU,HTA 5P (2),250,250.0,250.0,250.0,250.0,,,,,,,,,,2460.0,12652.0,11838.0,15815.0,11890.0,,,54655.0,OUI,,OUI,NON,,"Pas de variation de consommations prévues, seulement un ajustement des puissances contractuelles aux puissances atteintes."
97,98,MEDDE-MLETR,8411Z,110068012,DIR ILE DE FRANCE,2015-11-01,EDF,DIRIF - TUNNEL FONTENAY LTU ADOUZE,AUTOROUTE A12,78210,SAINT CYR L’ECOLE,13000815400069.0,30002110866811,VERT Base A5 CU,HTA 5P (2),200,300.0,300.0,300.0,300.0,,,,,,,,,,15916.0,91008.0,67020.0,162642.0,93663.0,,,430249.0,OUI,,OUI,NON,,"Pas de variation de consommations prévues, seulement un ajustement des puissances contractuelles aux puissances atteintes."
98,99,MEDDE-MLETR,8411Z,110068012,DIR ILE DE FRANCE,2015-11-01,EDF,DIRIF - TUNNEL PONTCHARTRAIN,RUE DE CHENNEVIERES - RN 12 TRANCHEE COUVERTE,78760,JOUARS PONTCHARTRAIN,13000157100293.0,30002111326075,VERT Base A5 MU,HTA 5P (2),300,300.0,300.0,300.0,300.0,,,,,,,,,,20802.0,150367.0,92642.0,368352.0,147157.0,,,779320.0,OUI,,OUI,NON,,"Pas de variation de consommations prévues, seulement un ajustement des puissances contractuelles aux puissances atteintes."
99,100,MEDDE-MLETR,8411Z,110068012,DIR ILE DE FRANCE,2015-11-01,EDF,DIRIF - TUNNEL TAVERNY,PC NORD - VOIE SERVICE RUE DE BEAUCHAMP/ TRANCHEE COUVERTE A115,95150,TAVERNY,17950661300019.0,30002121715105,VERT Base A5 MU,HTA 5P (2),190,190.0,190.0,800.0,800.0,,,,,,,,,,25060.0,147788.0,91414.0,304548.0,103446.0,,,682746.0,OUI,,OUI,NON,,"Pas de variation de consommations prévues, seulement un ajustement des puissances contractuelles aux puissances atteintes."
100,101,MEDDE-MLETR,8411Z,110068012,DIR ILE DE FRANCE,2015-11-01,EDF,DIRIF - EP,EP A6,94110,ARCUEIL,17940661600013.0,30002130029963,VERT Base A5 MU,HTA 5P (2),330,360.0,360.0,360.0,360.0,,,,,,,,,,27812.0,118974.0,163640.0,145299.0,233609.0,,,689334.0,OUI,,OUI,NON,,"Pas de variation de consommations prévues, seulement un ajustement des puissances contractuelles aux puissances atteintes."
101,102,MEDDE-MLETR,8411Z,110068012,DIR ILE DE FRANCE,2015-11-01,EDF,DIRIF - TUNNEL DE SAINT-CLOUD POSTE PARIS,PARC DE SAINT CLOUD,92210,SAINT CLOUD,13000174600341.0,30002130265101,VERT Base A5 CU,HTA 5P (2),535,550.0,550.0,550.0,550.0,,,,,,,,,,15659.0,101989.0,61235.0,247199.0,87373.0,,,513455.0,OUI,,OUI,NON,,"Pas de variation de consommations prévues, seulement un ajustement des puissances contractuelles aux puissances atteintes."
102,103,MEDDE-MLETR,8411Z,110068012,DIR ILE DE FRANCE,2015-11-01,EDF,DIRIF - TUNNEL DE SAINT-CLOUD TETE DE PUITS,PARC DE SAINT CLOUD PC OUEST - TUNNEL DE SAINT CLOUD,92210,SAINT CLOUD,13000174600341.0,30002130265213,VERT Base A5 CU,HTA 5P (2),535,550.0,750.0,750.0,750.0,,,,,,,,,,27619.0,158274.0,131761.0,256940.0,170914.0,,,758813.0,OUI,,OUI,NON,,"Pas de variation de consommations prévues, seulement un ajustement des puissances contractuelles aux puissances atteintes."
103,104,MEDDE-MLETR,8411Z,110068012,DIR ILE DE FRANCE,2015-11-01,EDF,DIRIF - TUNNEL DE FRESNES POSTE DANIEL,15 RUE DES FRERES LUMIERE,94260,FRESNES,,30002130757829,VERT Base A5 MU,HTA 5P (2),220,220.0,220.0,270.0,270.0,,,,,,,,,,17441.0,118675.0,80414.0,223819.0,120106.0,,,560455.0,OUI,,OUI,NON,,"Pas de variation des consommations prévue, seulement un ajustement des puissances contractuelles aux puissances atteintes."
104,105,MEDDE-MLETR,8411Z,110068012,DIR ILE DE FRANCE,2015-11-01,EDF,DIRIF - TUNNEL A14/A86  STATION X SUD L10.053J STATION X NORD,CHEMIN DE HALAGE A14 ECLAIRAGE ET VENTILATION 1 & 2 PC OUEST - RUE GUTENBERG DERRIERE PC OUEST,92000,NANTERRE,10250000600147.0,30002141287054,VERT Base A5 LU,HTA 5P (2),880,1120.0,1120.0,1290.0,1290.0,,,,,,,,,,110699.0,610475.0,510461.0,908074.0,606524.0,,,2746233.0,OUI,,OUI,NON,,"Pas de variation de consommations prévues, seulement un ajustement des puissances contractuelles aux puissances atteintes."
105,106,MEDDE-MLETR,8411Z,110068012,DIR ILE DE FRANCE,2015-11-01,EDF,DIRIF - TUNNEL NANTERRE- LA DEFENSE STATION B SUD L10.291C STATION B NORD,BD DES BOUVETS A 14 - PC OUEST - ANGLE BOULEVARD DES BOUVETS / BOULEVARD PESARO,92000,NANTERRE,10250000600147.0,30002141287380,VERT Base A5 MU,HTA 5P (2),5930,5930.0,5930.0,5930.0,5930.0,,,,,,,,,,87555.0,513818.0,409905.0,924976.0,578421.0,,,2514675.0,OUI,,OUI,NON,,"Pas de variation de consommations prévues, seulement un ajustement des puissances contractuelles aux puissances atteintes."
106,107,MEDDE-MLETR,8411Z,110068012,DIR ILE DE FRANCE,2015-11-01,EDF,DIRIF - TUNNEL RUEIL BELLE-RIVES BELLERIVES ACACIAS,PC OUEST - ENTRE 43 ET  59 RUE DES ACACIAS,92500,RUEIL MALMAISON,13000169600223.0,30002141502728,VERT Base A5 LU,HTA 5P (2),280,280.0,280.0,280.0,280.0,,,,,,,,,,25223.0,136997.0,107362.0,256477.0,163613.0,,,689911.0,OUI,,OUI,NON,,"Pas de variation de consommations prévues, seulement un ajustement des puissances contractuelles aux puissances atteintes."
107,108,MEDDE-MLETR,8411Z,110068012,DIR ILE DE FRANCE,2015-11-01,EDF,DIRIF - TUNNEL RUEIL BELLE-RIVES BELLERIVES STADE,RU AUTOROUTE CR 25 PC OUEST - AU BOUT DU BOULEVARD MARCEL POURTOUT (AUTOROUTE CR 25),92501,RUEIL MALMAISON,13000174600010.0,30002141502830,VERT Base A5 LU,HTA 5P (2),260,260.0,260.0,260.0,260.0,,,,,,,,,,21237.0,121439.0,97142.0,218400.0,145371.0,,,603589.0,OUI,,OUI,NON,,"Pas de variation de consommations prévues, seulement un ajustement des puissances contractuelles aux puissances atteintes."
108,109,MEDDE-MLETR,8411Z,110068012,DIR ILE DE FRANCE,2015-11-01,EDF,DIRIF - EP,AUTOROUTE,92230,GENNEVILLIERS,13000626500024.0,30002150240051,VERT Base A5 MU,HTA 5P (2),330,330.0,330.0,330.0,330.0,,,,,,,,,,1108.0,6496.0,5768.0,11837.0,9068.0,,,34277.0,OUI,,OUI,NON,,"Pas de variation de consommations prévues, seulement un ajustement des puissances contractuelles aux puissances atteintes."
109,110,MEDDE-MLETR,8411Z,110068012,DIR ILE DE FRANCE,2015-11-01,EDF,DIRIF - EP  SEINE SAINT DENIS,PORTE DE PARIS,93200,SAINT DENIS,17750660700197.0,30002150514860,VERT Base A5 MU,HTA 5P (2),200,250.0,250.0,250.0,250.0,,,,,,,,,,1527.0,8754.0,7484.0,15120.0,10499.0,,,43384.0,OUI,,OUI,NON,,"Pas de variation de consommations prévues, seulement un ajustement des puissances contractuelles aux puissances atteintes."
110,111,MEDDE-MLETR,8411Z,110068012,DIR ILE DE FRANCE,2015-11-01,EDF,DIRIF - EP,A15-N170 - BOULEVARD GABRIEL PERI,95110,SANNOIS,13000169600272.0,30002150973072,VERT Base A5 MU,HTA 5P (2),255,255.0,255.0,255.0,255.0,,,,,,,,,,3111.0,8495.0,18401.0,0.0,0.0,,,30007.0,OUI,,OUI,NON,,"Pas de variation de consommations prévues, seulement un ajustement des puissances contractuelles aux puissances atteintes."
111,112,MEDDE-MLETR,8411Z,110068012,DIR ILE DE FRANCE,2015-11-01,EDF,DIRIF - EP,VRS  RN 104 AU PR 35,91100,CORBEIL ESSONNES,17910661200015.0,30002221489309,VERT Base A5 MU,HTA 5P (2),280,280.0,280.0,280.0,280.0,,,,,,,,,,594.0,3362.0,3005.0,5119.0,3954.0,,,16034.0,OUI,,OUI,NON,,"Pas de variation de consommations prévues, seulement un ajustement des puissances contractuelles aux puissances atteintes."
112,113,MEDDE-MLETR,8411Z,110068012,DIR ILE DE FRANCE,2015-11-01,EDF,DIRIF - EP,DDE94 POSTE LUMIERE  ACCES A86 DEPUIS N186 P/LUMIERE,94000,CRETEIL,17940661600013.0,30002230068016,VERT Base A5 MU,HTA 5P (2),360,360.0,360.0,360.0,360.0,,,,,,,,,,13070.0,59984.0,113636.0,42816.0,149789.0,,,379295.0,OUI,,OUI,NON,,"Pas de variation de consommations prévues, seulement un ajustement des puissances contractuelles aux puissances atteintes."
113,114,MEDDE-MLETR,8411Z,110068012,DIR ILE DE FRANCE,2015-11-01,EDF,DIRIF - EP,POSTE DIFFUSEUR - BRETELLE DE SERVICE A86,94000,CRETEIL,17940661600013.0,30002230248018,VERT Base A5 MU,HTA 5P (2),250,280.0,280.0,280.0,280.0,,,,,,,,,,4620.0,24644.0,42467.0,22267.0,77785.0,,,171783.0,OUI,,OUI,NON,,"Pas de variation de consommations prévues, seulement un ajustement des puissances contractuelles aux puissances atteintes."
114,115,MEDDE-MLETR,8411Z,110068012,DIR ILE DE FRANCE,2015-11-01,EDF,DIRIF - TUNNEL DE THIAIS POSTE CD 60,PC EST - ANG. A86/CD - 60 AVENUE DU GENERAL DE GAULLE,94320,THIAIS,13000169600090.0,30002230330372,VERT Base A5 CU,HTA 5P (2),738,1093.0,1093.0,1576.0,1576.0,,,,,,,,,,58749.0,330458.0,226652.0,593486.0,358048.0,,,1567393.0,OUI,,OUI,NON,,"Pas de variation de consommations prévues, seulement un ajustement des puissances contractuelles aux puissances atteintes."
115,116,MEDDE-MLETR,8411Z,110068012,DIR ILE DE FRANCE,2015-11-01,EDF,DIRIF - EP,AUTOROUTE 06,94550,CHEVILLY LARUE,13000169600108.0,30002230331273,VERT Base A5 MU,HTA 5P (2),357,380.0,400.0,400.0,400.0,,,,,,,,,,22180.0,95172.0,189497.0,57962.0,236457.0,,,601268.0,OUI,,OUI,NON,,"Pas de variation de consommations prévues, seulement un ajustement des puissances contractuelles aux puissances atteintes."
116,117,MEDDE-MLETR,8411Z,110068012,DIR ILE DE FRANCE,2015-11-01,EDF,DIRIF - TUNNEL DE BICETRE POSTE EMBOUCHE,AUTOROUTE A6B - EMBOUCHE CG2,94270,LE KREMLIN BICETRE,17940661600013.0,30002230450518,VERT Base A5 MU,HTA 5P (2),500,500.0,500.0,500.0,500.0,,,,,,,,,,38623.0,237523.0,111910.0,379927.0,144100.0,,,912083.0,OUI,,OUI,NON,,"Pas de variation de consommations prévues, seulement un ajustement des puissances contractuelles aux puissances atteintes."
117,118,MEDDE-MLETR,8411Z,110068012,DIR ILE DE FRANCE,2015-11-01,EDF,DIRIF - TUNNEL DE BICETRE POSTE BLANCHE,AUTOROUTE A6B - BLANCHE CG2,94270,LE KREMLIN BICETRE,17940661600013.0,30002230451193,VERT Base A5 LU,HTA 5P (2),800,800.0,800.0,800.0,800.0,,,,,,,,,,43667.0,252440.0,127346.0,356809.0,144748.0,,,925010.0,OUI,,OUI,NON,,"Pas de variation des consommations prévue, seulement un ajustement des puissances contractuelles aux puissances atteintes."
118,119,MEDDE-MLETR,8411Z,110068012,DIR ILE DE FRANCE,2015-11-01,EDF,DIRIF - EP,POSTE ANTENNE A3,93110,ROSNY SOUS BOIS,13000169600173.0,30002240255089,VERT Base A5 LU,HTA 5P (2),552,582.0,582.0,582.0,582.0,,,,,,,,,,10627.0,51110.0,45857.0,38724.0,29541.0,,,175859.0,OUI,,OUI,NON,,"Pas de variation de consommations prévues, seulement un ajustement des puissances contractuelles aux puissances atteintes."
119,120,MEDDE-MLETR,8411Z,110068012,DIR ILE DE FRANCE,2015-11-01,EDF,DIRIF - TUNNEL DE NOGENT  USINE DU PORT,RUE NAZARE - TUNNEL DE NOGENT PC EST,94130,NOGENT SUR MARNE,13001170300068.0,30002240438804,VERT Base A5 CU,HTA 5P (2),3500,3500.0,3500.0,3500.0,3500.0,,,,,,,,,,34308.0,213947.0,139025.0,391969.0,215008.0,,,994257.0,OUI,,OUI,NON,,"Pas de variation de consommations prévues, seulement un ajustement des puissances contractuelles aux puissances atteintes."
120,121,MEDDE-MLETR,8411Z,110068012,DIR ILE DE FRANCE,2015-11-01,EDF,DIRIF - TUNNEL DE NOGENT USINE DE LA GARE,RUE JEAN MONNET - TUNNEL DE NOGENT PC EST,94130,NOGENT SUR MARNE,17750660700270.0,30002240534003,VERT Base A5 CU,HTA 5P (2),3500,3500.0,3500.0,3500.0,3500.0,,,,,,,,,,60958.0,339568.0,210919.0,577113.0,325714.0,,,1514272.0,OUI,,OUI,NON,,"Pas de variation de consommations prévues, seulement un ajustement des puissances contractuelles aux puissances atteintes."
121,122,MEDDE-MLETR,8411Z,110068012,DIR ILE DE FRANCE,2015-11-01,EDF,DIRIF - TUNNEL DE CHAMPIGNY USINE DE BRY,POSTE QUANTA TUNNEL DE CHAMPIGNY CARREFOUR FOURCHETTE BRY,94500,CHAMPIGNY SUR MARNE,17750660700270.0,30002244319052,VERT Base A5 MU,HTA 5P (2),2000,2000.0,2000.0,2000.0,2000.0,,,,,,,,,,20119.0,117692.0,84487.0,255724.0,146102.0,,,624124.0,OUI,,OUI,NON,,"Pas de variation de consommations prévues, seulement un ajustement des puissances contractuelles aux puissances atteintes."
122,123,MEDDE-MLETR,8411Z,110068012,DIR ILE DE FRANCE,2015-11-01,EDF,DIRIF - TUNNEL DE CHAMPIGNY USINE DES BOULEREAUX,POSTE MESON -TUNNEL DE CHAMPIGNY,94500,CHAMPIGNY SUR MARNE,17750660700270.0,30002244319490,VERT Base A5 MU,HTA 5P (2),2000,2000.0,2000.0,2000.0,2000.0,,,,,,,,,,17380.0,103474.0,64900.0,235281.0,122560.0,,,543595.0,OUI,,OUI,NON,,"Pas de variation des consommations prévue, seulement un ajustement des puissances contractuelles aux puissances atteintes."
123,124,MEDDE-MLETR,8411Z,110068012,DIR ILE DE FRANCE,2015-11-01,EDF,DIRIF - TUNNEL BOBIGNY,PC NORD  POSTE AERATION - 4 RUE MENDES DES CARMES SIX ROUTES  - A 86,93000,BOBIGNY,17930661800010.0,30002250001120,VERT Base A5 LU,HTA SDT (2),800,800.0,800.0,800.0,800.0,,,,,,,,,,84129.0,469306.0,313557.0,798408.0,413036.0,,,2126721.0,OUI,,OUI,NON,,Pas de variation de consommations prévues
124,125,MEDDE-MLETR,8411Z,110068012,DIR ILE DE FRANCE,2015-11-01,EDF,DIRIF - TUNNEL LUMEN,PC NORD - RUE DIDEROT - NIVEAU ISSU 3 DE A86,93700,DRANCY,12006402700093.0,30002251244330,VERT Base A5 MU,HTA 5P (2),430,430.0,430.0,430.0,430.0,,,,,,,,,,29337.0,165692.0,120677.0,239731.0,141791.0,,,713853.0,OUI,,OUI,NON,,"Pas de variation de consommations prévues, seulement un ajustement des puissances contractuelles aux puissances atteintes."
125,126,MEDDE-MLETR,8411Z,110068012,DIR ILE DE FRANCE,2015-11-01,EDF,DIRIF - TUNNEL DEFENSE 1 COMPLEXE A1,ROUTE DE LA DEMI-LUNE TUNNEL A14 LA DEFENSE 1,92000,NANTERRE,13000174600341.0,50000144671919,VERT Base A5 LU,HTA 5P (2),2650,2650.0,7300.0,7300.0,7300.0,,,,,,,,,,39000.0,192497.0,130833.0,289026.0,155755.0,,,807111.0,OUI,,OUI,NON,,"Pas de variation de consommations prévues, seulement un ajustement des puissances contractuelles aux puissances atteintes."
126,127,MEDDE-MLETR,8411Z,110068012,DIR ILE DE FRANCE,2015-11-01,EDF,DIRIF - TUNNEL NANTERRE CENTRE  JULES QUENTIN,AVENUE JULES QUENTIN  PC OUEST - ANGLE AVENUE J QUENTIN / BENOIT FRACHON,92000,NANTERRE,10250000600147.0,50003617889880,VERT Base A5 LU,HTA 5P (2),2030,2030.0,2030.0,2030.0,2030.0,,,,,,,,,,29755.0,171252.0,131294.0,275846.0,181895.0,,,787178.0,OUI,,OUI,NON,,"Pas de variation de consommations prévues, seulement un ajustement des puissances contractuelles aux puissances atteintes."
127,128,MEDDE-MLETR,8411Z,110068012,DIR ILE DE FRANCE,2015-11-01,EDF,DIRIF - TUNNEL LANDY REGROUPE,PC NORD - LANDY DIDEROT ROUTE ECLAIR 2,93200,SAINT DENIS,,50034986779664,VERT Base A5 LU,HTA 5P (2),2800,2800.0,2800.0,2800.0,2800.0,,,,,,,,,,83443.0,481984.0,302022.0,869615.0,437171.0,,,2174235.0,OUI,,OUI,NON,,Pas de variation de consommations prévues
128,129,MEDDE-MLETR,8411Z,110068012,DIR ILE DE FRANCE,2015-11-01,EDF,DIRIF - TUNNEL DEFENSE 2 COMPLEXE A1,ROUTE DE LA DEMI-LUNE - TUNNEL A14 LA DEFENSE 2,92001,NANTERRE,13001235400010.0,50068885627082,VERT Base A5 LU,HTA 5P (2),2650,2650.0,7300.0,7300.0,7300.0,,,,,,,,,,73580.0,411440.0,327464.0,756386.0,463570.0,,,2032440.0,OUI,,OUI,NON,,"Pas de variation de consommations prévues, seulement un ajustement des puissances contractuelles aux puissances atteintes."
129,130,MEDDE-MLETR,8411Z,110068012,DIR MASSIF-CENTRAL,2015-11-01,EDF,DIRMC - TUNNEL DU LIORAN,LIEU DIT AMBLARD,15800,SAINT JACQUES DES BLATS,13000156300019.0,30001750875803,VERT Base A5 MU,HTA 5P (2),266,266.0,266.0,266.0,266.0,,,,,,,,,,9824.0,58718.0,37768.0,111304.0,55835.0,,,273449.0,NON,,OUI,NON,,
130,131,MEDDE-MLETR,8411Z,110068012,DIR MASSIF-CENTRAL,2015-11-01,EDF,DIRMC - TUNNEL DU PAS DE L’ESCALETTE,LIEU DIT PAS DE L’ESCALETTE,34520,SAINT FELIX DE L’HERAS,13000156300019.0,30002430587974,VERT Base A5 CU,HTA 5P (2),380,400.0,400.0,400.0,400.0,,,,,,,,,,13523.0,88686.0,49844.0,176314.0,72182.0,,,400549.0,NON,,OUI,NON,,
131,132,MEDDE-MLETR,8411Z,110068012,DIR MEDITERRANEE,2015-11-01,EDF,DIRMED - TUNNEL UV1 GASTINEAU,TUNNEL UV1 GASTINEAU,83000,TOULON,13000176100068.0,30002531373789,VERT Base A5 CU,HTA 5P (2),1100,1100.0,1100.0,1100.0,1100.0,,,,,,,,,,43910.0,257436.0,201658.0,463248.0,280177.0,,,1246429.0,NON,,OUI,NON,,
132,133,MEDDE-MLETR,8411Z,110068012,DIR MEDITERRANEE,2015-11-01,EDF,DIRMED - TUNNEL UV2 AV CDT MARCHAND,TUNNEL UV2 - AV CDT MARCHAND,83000,TOULON,13000176100068.0,30002531373811,VERT Base A5 CU,HTA 5P (2),1000,1000.0,1000.0,1000.0,1000.0,,,,,,,,,,44681.0,255249.0,206679.0,461667.0,286390.0,,,1254666.0,NON,,OUI,NON,,
133,134,MEDDE-MLETR,8411Z,110068012,DIR NORD,2015-11-01,EDF,DIRN - STATION DE RELEVEMENT,PERIPHERIQUE SUD,59000,LILLE,17590661900010.0,30000110340889,VERT Base A5 MU,HTA 5P (2),225,225.0,260.0,260.0,260.0,,,,,,,,,,8420.0,35694.0,74531.0,19868.0,92869.0,,,231382.0,NON,,OUI,NON,,
134,135,MEDDE-MLETR,8411Z,110068012,DIR NORD,2015-11-01,EDF,DIRN - A21 - POSTE EP - MARAIS RAME 1,A21 - POSTE EP - MARAIS RAME 1,62300,LENS,17590661900010.0,30000130099902,VERT Base A5 MU,HTA 5P (2),444,444.0,444.0,444.0,444.0,,,,,,,,,,15674.0,51082.0,128082.0,18542.0,136369.0,,,349749.0,NON,,OUI,NON,,
135,136,MEDDE-MLETR,8411Z,110068012,DIR NORD,2015-11-01,EDF,DIRN - DISTRICT AMIENS VALENCIENNES,VOIE ALBERT CARRE,62119,DOURGES,13000157100210.0,30000130116470,VERT Base A5 MU,HTA 5P (2),420,420.0,420.0,420.0,420.0,,,,,,,,,,291.0,4962.0,9281.0,7440.0,26434.0,,,48408.0,NON,,OUI,NON,,
136,137,MEDDE-MLETR,8411Z,110068012,DIR NORD-OUEST,2015-11-01,EDF,DIRNO - TUNNEL DE LA GRAND’MARE SUD,6 RUE DE VERDUN,76160,DARNETAL,13000169600033.0,30000210597597,VERT Base A5 CU,HTA 5P (2),300,300.0,300.0,300.0,300.0,300.0,,,,,,,,,,,,21929.0,12205.0,,,34134.0,NON,123326/167485,OUI,NON,,
137,138,MEDDE-MLETR,8411Z,110068012,DIR NORD-OUEST,2015-11-01,EDF,DIRNO - TUNNEL DE LA GRAND’MARE NORD,6 RUE DE VERDUN,76160,DARNETAL,13000169600033.0,30000210597700,VERT Base A5 CU,HTA 5P (2),300,300.0,300.0,300.0,300.0,300.0,,,,,,,,,,,,18550.0,11392.0,,,29942.0,NON,123326/167485,OUI,NON,,
138,139,MEDDE-MLETR,8411Z,110068012,DIR NORD-OUEST,2015-11-01,EDF,DIRNO - PONT FLAUBERT,4 RUE BOURBAKI - QUAI DE FRANCE,76100,ROUEN,13000169600363.0,30000211493994,VERT Base A5 MU,HTA 5P (2),800,800.0,800.0,800.0,800.0,800.0,,,,,,,,,,,,25299.0,24439.0,,,49738.0,NON,175752/385964,OUI,OUI,,"La variabilité de la consommation est difficile à estimer car elle dépend du nombre de levages par an (pont levant) lequel varie d’une année sur l’autre (entre 1 et 5 levages par an). Entre une année sans levage et une année avec 5 levages, la variabilité est de : + 100 %"
139,140,MEDDE-MLETR,8411Z,110068012,DIR SUD-OUEST,2015-11-01,EDF,DIRSO - DSE - TUNNEL DE FOIX,TETE SUD TUNNEL DE FOIX,9000,FOIX,13000167000087.0,30002330830109,VERT Base A5 CU,HTA 5P (2),310,310.0,310.0,310.0,310.0,,,,,,,,,,6686.0,38006.0,29887.0,36934.0,20548.0,,,132061.0,NON,145152/,OUI,OUI,5 %,
140,141,MEDDE-MLETR,8411Z,110068012,DIR SUD-OUEST,2015-11-01,EDF,DIRSO - DSE - TUNNEL DE FOIX,TETE NORD TUNNEL DE FOIX,9000,FOIX,13000167000087.0,30002330830210,VERT Base A5 CU,HTA 5P (2),304,304.0,304.0,304.0,304.0,,,,,,,,,,6773.0,35819.0,28686.0,34209.0,19289.0,,,124776.0,NON,145152/,OUI,OUI,5 %,
141,142,MEDDE-MLETR,8411Z,110068012,DREAL AUVERGNE,2015-11-01,EDF,DREAL AUVERGNE,7 RUE LEO LAGRANGE,63000,CLERMONT FERRAND,13000914500017.0,30001710149479,VERT Base A5 CU,HTA 5P (2),280,280.0,280.0,280.0,280.0,,,,,,,,,,20323.0,103011.0,42427.0,147416.0,49392.0,,,362569.0,NON,143873/164675,OUI,OUI,20 %,
142,143,MEDDE-MLETR,8411Z,110068012,DREAL NORD PAS DE CALAIS,2015-11-01,EDF,DREAL NPC,44 RUE DE TOURNAI,59019,LILLE,13000657000019.0,30000110425269,VERT Base A5 LU,HTA 5P (2),360,360.0,360.0,360.0,360.0,,,,,,,,,,53542.0,265569.0,93907.0,421849.0,123792.0,,,958659.0,OUI,143645/160779,OUI,NON,,
143,144,MEDDE-MLETR,8411Z,110068012,DRIEA ILE DE FRANCE,2015-11-01,EDF,DRIEA-IF,21-23 RUE MIOLLIS,75015,PARIS,10200000700892.0,30000740724813,VERT Base A5 LU,HTA 5P (2),340,340.0,340.0,340.0,340.0,,,,,,,,,,40957.0,220580.0,88089.0,337945.0,117529.0,,,805100.0,OUI,143736/167477,OUI,OUI,+ 10 %,Possibilité de fluctuation en période hivernale avec l’utilisation de chauffage électrique individuel dans les bureaux les plus froids
144,145,MEDDE-MLETR,8411Z,110068012,DRIEA ILE DE FRANCE,2015-11-01,EDF,DRIEA-IF - UTEA94,12-14 RUE DES ARCHIVES,94000,CRETEIL,13001235400382.0,30002230250497,VERT Base A5 MU,HTA 5P (2),225,255.0,255.0,255.0,255.0,,,,,,,,,,23416.0,117210.0,40677.0,176196.0,57697.0,,,415196.0,OUI,113138/193702,OUI,OUI,+ 10 %,Possibilité de fluctuation en période hivernale avec l’utilisation de chauffage électrique individuel dans les bureaux les plus froids
145,146,MEDDE-MLETR,8411Z,110068012,MEDDE-MLETR SG/SPSSI/ATL3.1,2015-11-01,EDF,MEDDE-MLETR - HOTEL DE ROQUELAURE,244 BOULEVARD SAINT-GERMAIN,75007,PARIS,78430879300016.0,30000730695210,VERT Base A5 LU,HTA 5P (2),400,400.0,400.0,400.0,400.0,,,,,,,,,,74072.0,402118.0,211772.0,636687.0,272796.0,,,1597445.0,OUI,,OUI,OUI,+ 10%,Augmentation possible des besoins d’ici 1 an
146,147,MEDDE-MLETR,8411Z,110068012,MEDDE-MLETR SG/SPSSI/ATL3.1,2015-11-01,EDF,MEDDE-MLETR - TOUR PASCAL T2,PLACE DES DEGRES,92800,PUTEAUX,11006701400032.0,30002140729055,VERT Base A5 LU,HTA SDT (2),480,480.0,580.0,580.0,580.0,,,,,,,,,,92450.0,533326.0,418065.0,904770.0,585444.0,,,2534055.0,OUI,,NON,OUI,- 100 %,Abandon des locaux prévue en mars 2017
147,148,MEDDE-MLETR,8411Z,110068012,MEDDE-MLETR SG/SPSSI/ATL3.1,2015-11-01,EDF,MEDDE-MLETR - TOUR SEQUOIA,TOUR SEQUOIA - 1 PLACE CARPEAUX,92800,PUTEAUX,42350749000039.0,30002141292563,VERT Base A5 LU,HTA SDT (2),1000,1200.0,1200.0,1200.0,1200.0,,,,,,,,,,96898.0,665024.0,514029.0,985806.0,623538.0,,,2885295.0,OUI,,OUI,OUI,+30 %,Augmentation des besoins au 01/07/15
148,149,CULTURE,8411Z ,110046018,SG,2015-11-01,EDF,MCC – SERVICES CENTRAUX – BONS ENFANTS,182 RUE SAINT HONORE,75001,PARIS 01,11004601800013.0,30000711551771,VERT Base A5 MU,HTA SDT (2),900,900.0,900.0,900.0,900.0,,,897.0,903.0,674.0,734.0,605.0,,,168556.0,868627.0,386029.0,1153084.0,392908.0,,,2969204.0,NON,IDF1/143862/146721,OUI,NON,,
149,150,CULTURE,8411Z ,110046018,SG,2015-11-01,EDF,MCC – SERVICES CENTRAUX – FORT DE ST CYR,RUE DU FORT DE SAINT CYR,78180,MONTIGNY LE BRETONNEUX,,30002110542390,VERT Base A5 TLU,HTA SDT (2),500,500.0,500.0,500.0,500.0,,,645.0,768.0,676.0,765.0,685.0,,,150974.0,852773.0,718404.0,1183200.0,847787.0,,,3753138.0,NON,IDF1/108614/208043,OUI,NON,,
150,151,CULTURE,8411Z ,110046018,SG,2015-11-01,EDF,MCC - SERVICES CENTRAUX – 3 RUE DE VALOIS,7 RUE DE VALOIS,75001,PARIS 01,11004601800013.0,30000710531749,VERT Base A5 TLU,HTA 5P (2),402,418.0,418.0,418.0,418.0,,,232.0,245.0,164.0,226.0,148.0,,,52946.0,294215.0,184662.0,375289.0,191487.0,,,1098599.0,NON,IDF1/127685/378372,OUI,NON,,
151,152,CULTURE,8411Z ,110046018,DGP,2015-11-01,EDF,SCN ARCHIVES  NATIONALES 1-9B-2869,2 RUE DES ARCHIVES,77300,FONTAINEBLEAU,16004604100028.0,30002210328092,VERT Base A5 LU,HTA 5P (2),1100,1100.0,1100.0,1100.0,1100.0,,,957.0,1049.0,1017.0,710.0,943.0,,,153370.0,794534.0,869325.0,589901.0,341285.0,,,2748415.0,NON,?,OUI,OUI,-0.7,fermeture potentielle de 2 bâtiments. 2015 sera à moins 70%
152,153,CULTURE,8411Z ,110046018,DGP,2015-11-01,EDF,SCN ARCHIVES NATIONALES 1-99-1076,60 RUE DES FRANCS BOURGEOIS,75003,PARIS 03,16004604100010.0,30000710146219,VERT Base A5 LU,HTA 5P (2),590,590.0,590.0,590.0,590.0,,,386.0,393.0,177.0,361.0,190.0,,,67130.0,395058.0,167765.0,584646.0,216234.0,,,1430833.0,NON,?,OUI,NON,,
153,154,CULTURE,8411Z ,110046018,DGP,2015-11-01,EDF,SCN ARCHIVES NATIONALES 1-BJ9BHX,AVENUE EMILE ZOLA,93380,PIERREFITTE SUR SEINE,11004601800013.0,50058465983280,VERT Base A5 MU,HTA SDT (2),760,1200.0,886.0,1200.0,760.0,,,854.0,817.0,635.0,2164.0,1512.0,,,192430.0,1074755.0,821038.0,1880818.0,1128877.0,,,5097918.0,NON,?,OUI,NON,,
154,155,CULTURE,8411Z ,110046018,DGP,2015-11-01,EDF,SCN MUSEE NATIONAL DE PREHISTOIRE,7 BP,24620,LES EYZIES DE TAYAC SIREUIL,16000029500016.0,30001620504865,VERT Base A5 MU,HTA 5P (2),378,378.0,378.0,378.0,378.0,,,277.0,277.0,230.0,253.0,177.0,,,48042.0,236566.0,206597.0,281602.0,180264.0,,,953071.0,NON,1000107066,OUI,NON,,
155,156,CULTURE,8411Z,110046018,DRAC MIDI-PYRENEES,2015-11-01,EDF,DRAC MIDI-PYRENEES,32 RUE DE LA DALBADE,31000,TOULOUSE,,30002311742665,TARIF VERT BASE LU 430 KVA,HTA,418,418.0,440.0,440.0,440.0,,,,,,,,,,,,,,,,,,NON,126053/223409,OUI,NON,,
156,157,EDUCATION ,8411Z,110043015,,2015-11-01,EDF,RECTORAT BORDEAUX MERIADECK,114 RUE GEORGES BONNAC,33000,BORDEAUX,17330430400012.0,30001612459410,VERT Base A5 MU,HTA SDT (2),300,300.0,300.0,300.0,300.0,,,,,,,,,,60416.00000000001,309828.00000000006,228849.00000000003,289617.0,176730.0,,,1065440.0,NON,,OUI,NON,,
157,158,EDUCATION ,8411Z,110043015,,2015-11-01,EDF,EDUCATION NATIONALE,78 RUE REGNAULT,75013,PARIS 13,11004301500012.0,30000731578110,VERT Base A5 MU,HTA 5P (2),900,900.0,900.0,900.0,900.0,,,,,,,,,,49769.00000000001,265468.0,112897.0,445950.0,193349.00000000003,,,1067433.0,NON,1-4TZ3NT,OUI,NON,,
158,159,EDUCATION ,8411Z,110043015,,2015-11-01,EDF,RECTORAT VERSAILLES SERV INTEN,3 BOULEVARD DE LESSEPS,78000,VERSAILLES,17780430900199.0,30002114086804,VERT Base A5 MU,HTA 5P (2),600,600.0,600.0,600.0,600.0,,,,,,,,,,81773.00000000001,431327.0,271705.00000000006,588936.0,328242.0,,,1701983.0000000002,NON,111452,OUI,NON,,
159,160,EDUCATION ,8411Z,110043015,,2015-11-01,EDF,RECTORAT DE ROUEN,25 RUE DE FONTENELLE,76000,ROUEN,17760430300012.0,30000210691321,VERT Base A5 MU,HTA SDT (2),330,330.0,330.0,330.0,330.0,,,,,,,,,,49761.0,276377.0,123910.0,411213.0,164552.00000000003,,,1025813.0000000001,NON,HNOR/123131/167800,OUI,NON,,
160,161,EDUCATION ,8411Z,110043015,,2015-11-01,EDF,MAISON DES EXAMENS ARCUEIL,7 RUE ERNEST RENAN,94110,ARCUEIL,17750430500091.0,30002130027724,VERT Base A5 MU,HTA 5P (2),428,428.0,428.0,428.0,428.0,,,,,,,,,,66175.0,348453.00000000006,172172.0,585161.0,226821.0,,,1398782.0000000002,NON,192898 et 189413,OUI,NON,,
161,162,EDUCATION ,8411Z,110043015,,2015-11-01,EDF,ACADEMIE DE PARIS,94 AVENUE GAMBETTA,75020,PARIS 20,17750430500133.0,30000720733464,VERT Base A5 LU,HTA SDT (2),550,550.0,550.0,550.0,550.0,,,,,,,,,,94442.0,519015.0,302041.0,777994.0,401911.0,,,2095403.0000000002,NON,,OUI,NON,,
162,163,EDUCATION ,8411Z,110043015,,2015-11-01,EDF,MINISTERE EDUCATION NATIONALE,61 RUE DUTOT,75015,PARIS 15,11004301500012.0,30000740492728,VERT Base A5 LU,,400,400.0,400.0,400.0,400.0,,,,,,,,,,74762.0,395200.0,226761.00000000003,589481.0,295823.00000000006,,,1582027.0,NON,1-AP-3875,OUI,NON,,
163,164,EDUCATION ,8411Z,110043015,,2015-11-01,EDF,EDUCATION NATIONALE,99 RUE DE GRENELLE,75007,PARIS 07,11004301500012.0,30000731156801,VERT Base A5 LU,HTA 5P (2),430,430.0,430.0,430.0,430.0,,,,,,,,,,56416.00000000001,298844.0,132468.00000000003,392819.0,142170.00000000003,,,1022717.0000000001,NON,1-BZ-3215,OUI,NON,,
164,165,EDUCATION ,8411Z,110043015,,2015-11-01,EDF,RECTORAT ACADEMIE DE DIJON,RUE DU GENERAL DELABORDE,21000,DIJON,17210430900155.0,50059334290607,VERT Base A5 MU,HTA 5P (2),550,550.0,550.0,550.0,550.0,,,,,,,,,,60896.0,340091.0,236301.00000000003,552901.0000000001,334600.0,,,1524789.0,NON,136027,OUI,NON,"1,31% +",2015-04-30 00:00:00
165,166,EDUCATION ,8411Z,110043015,,2015-11-01,EDF,EDUCATION NATIONALE,10 RUE DU DOCTEUR BLANCHE,75016,PARIS 16,10260000400026.0,30000740164799,VERT Base A5 MU,HTA 5P (2),240,260.0,260.0,260.0,260.0,,,,,,,,,,32566.000000000004,178888.0,105818.00000000001,226850.0,111713.00000000001,,,655835.0,NON,,OUI,NON,,
166,167,EDUCATION ,8411Z,110043015,,2015-11-01,EDF,MIN EDU NTLE RECHERCHE ET TECHNOLOGIE,21 RUE DESCARTES,75005,PARIS 05,11004301500012.0,30000730148145,VERT Base A5 LU,HTA SDT (2),650,650.0,650.0,650.0,650.0,,,,,,,,,,108782.00000000001,579167.0,290797.0,962512.0,436516.0,,,2377774.0,NON,,OUI,NON,,
167,168,EDUCATION ,8411Z,110043015,,2015-11-01,EDF,EDUCATION NLE DIV SCES MATERIE,107 RUE DE GRENELLE,75007,PARIS 07,11004301500012.0,30000730177051,VERT Base A5 MU,HTA 5P (2),300,300.0,300.0,300.0,300.0,,,,,,,,,,52175.00000000001,278719.0,77886.00000000001,356385.0,98708.0,,,863873.0,NON,1-CN-783,OUI,NON,,
168,169,EDUCATION ,8411Z,110043015,,2015-11-01,EDF,EDUCATION NLE DIV SCES MATERIE,110 RUE DE GRENELLE,75007,PARIS 07,11004301500012.0,30000730176150,VERT Base A5 LU,HTA 5P (2),430,430.0,430.0,430.0,430.0,,,,,,,,,,53410.00000000001,277273.0,140252.0,427884.0,186117.00000000003,,,1084936.0000000002,NON,1-DV-4769,OUI,NON,,
169,170,EDUCATION ,8411Z,110043015,,2015-11-01,EDF,CHANCELLERIE DES UNIVERSITES SERVICE GESTION EXPLOITATION CAMPUS SCIENTIFIQUE RANGUEIL,118 ROUTE DE NARBONNE,31400,TOULOUSE,18310009800023.0,30002310878977,VERT Base A8 LU,HTA SDT (2),7900,7900.0,7900.0,7900.0,7900.0,,,,,,,,,,10096219.0,3893012.0,6424646.000000001,3974409.0,2735313.0,,,39697073.00000001,NON,,OUI,NON,,
170,171,EDUCATION ,8411Z,110043015,,2015-11-01,EDF,ENSUP - RECTORAT DE L ACADEMIE DE BX,5 RUE JOSEPH DE CARAYON LATOUR,33000,BORDEAUX,17330430400012.0,30001610238012,VERT Base A5 MU,HTA SDT (2),400,400.0,400.0,400.0,400.0,,,,,,,,,,51075.0,304576.0,229799.0,352762.0,194163.0,,,1132375.0,NON,,OUI,NON,,
